{"cameraMode":{"drawMode":0,"name":"Shaded","section":"Shading Mode"},"sceneLighting":false,"audioPlay":false,"sceneViewState":{"m_AlwaysRefresh":false,"showFog":true,"showSkybox":false,"showFlares":true,"showImageEffects":true,"showParticleSystems":true,"showVisualEffectGraphs":true,"m_FxEnabled":true},"in2DMode":false,"pivot":{"x":-0.050239447504282,"y":0.034638192504644397,"z":0.045519694685935977},"rotation":{"x":0.5482211112976074,"y":-0.023828359320759774,"z":0.015628637745976449,"w":0.8358510732650757},"size":0.02467772364616394,"orthographic":false}