{"cameraMode":{"drawMode":0,"name":"Shaded","section":"Shading Mode"},"sceneLighting":false,"audioPlay":false,"sceneViewState":{"m_AlwaysRefresh":false,"showFog":true,"showSkybox":false,"showFlares":true,"showImageEffects":true,"showParticleSystems":true,"showVisualEffectGraphs":true,"m_FxEnabled":true},"in2DMode":false,"pivot":{"x":0.022340916097164155,"y":0.03222757577896118,"z":0.9019415378570557},"rotation":{"x":-0.02000983990728855,"y":-0.0035570499021559955,"z":-0.00010422838386148214,"w":0.9997462034225464},"size":0.3240000605583191,"orthographic":false}