{"cameraMode":{"drawMode":0,"name":"Shaded","section":"Shading Mode"},"sceneLighting":false,"audioPlay":false,"sceneViewState":{"m_AlwaysRefresh":false,"showFog":true,"showSkybox":false,"showFlares":true,"showImageEffects":true,"showParticleSystems":true,"showVisualEffectGraphs":true,"m_FxEnabled":true},"in2DMode":false,"pivot":{"x":-0.0450558140873909,"y":0.02228149212896824,"z":0.035164400935173038},"rotation":{"x":0.3892013132572174,"y":-0.02953135222196579,"z":0.012458057142794133,"w":0.9205783605575562},"size":0.016832606866955758,"orthographic":false}