{"cameraMode":{"drawMode":0,"name":"Shaded","section":"Shading Mode"},"sceneLighting":false,"audioPlay":false,"sceneViewState":{"m_AlwaysRefresh":false,"showFog":true,"showSkybox":false,"showFlares":true,"showImageEffects":true,"showParticleSystems":true,"showVisualEffectGraphs":true,"m_FxEnabled":true},"in2DMode":false,"pivot":{"x":-0.040764618664979938,"y":0.010606624186038971,"z":0.029461275786161424},"rotation":{"x":0.535386323928833,"y":-0.005551913753151894,"z":0.003489468479529023,"w":0.8445670008659363},"size":0.03356043994426727,"orthographic":false}